n,mean,std,cv,median,iqr,q25,q75,p50,p90,p95,min,max
150,79.51333333333334,18.417141368759378,0.231623308905333,85.5,22.75,71.25,94.0,85.5,96.0,97.0,10.0,98.0
