n,mean,std,cv,median,iqr,q25,q75,p50,p90,p95,min,max
76,116.9342105263158,50.7005155861531,0.4335815443397812,116.0,87.75,72.0,159.75,116.0,185.5,194.0,12.0,200.0
